ensemble_score,prediction
0.20441542527241965,1
0.4317916784174571,1
0.8819878841528201,1
0.04762012104591806,0
0.6000821793278831,1
0.24917543025954803,1
0.4127754066083891,1
0.6714336183761745,1
0.3426335605634035,1
0.3975561247070125,1
0.14594361679231943,0
0.010454933423065983,0
0.37837907421732836,1
0.30694259759046827,1
0.19729486107826233,0
0.1609999725065686,0
0.2794916362513605,1
0.9999999761581421,1
0.3049204154682057,1
0.49098093388072883,1
